{"inputUnits":[34],"outputUnits":1,"inputs":{"0":{"dtype":"number","min":329.07235009860807,"max":379.6014260409171},"1":{"dtype":"number","min":103.71275963141903,"max":169.43081385443315},"2":{"dtype":"number","min":334.9369017840826,"max":387.10387886151466},"3":{"dtype":"number","min":97.3992826227556,"max":161.31152727450544},"4":{"dtype":"number","min":322.3900406448929,"max":373.00955253734924},"5":{"dtype":"number","min":96.19618436281675,"max":161.3653176290947},"6":{"dtype":"number","min":347.3364400584795,"max":400.05280849761664},"7":{"dtype":"number","min":104.92119623671266,"max":167.95431810048123},"8":{"dtype":"number","min":312.52199645163256,"max":365.637901261536},"9":{"dtype":"number","min":103.3563265140526,"max":166.77900645235593},"10":{"dtype":"number","min":363.6859916106999,"max":410.36724603664106},"11":{"dtype":"number","min":149.3006935640153,"max":206.4157871893275},"12":{"dtype":"number","min":298.67140452067054,"max":349.72873620819627},"13":{"dtype":"number","min":148.1039862976669,"max":208.26873243900764},"14":{"dtype":"number","min":374.80460451360335,"max":458.7048326087044},"15":{"dtype":"number","min":186.41952782346488,"max":242.31152986225328},"16":{"dtype":"number","min":250.93261242842348,"max":340.4509349919667},"17":{"dtype":"number","min":184.63697883353132,"max":243.43107465182595},"18":{"dtype":"number","min":371.9375057108918,"max":517.7818886531956},"19":{"dtype":"number","min":185.86776584677295,"max":292.2391407392178},"20":{"dtype":"number","min":191.48062544259412,"max":339.4332097891943},"21":{"dtype":"number","min":183.0003978587963,"max":295.19600881238193},"22":{"dtype":"number","min":353.29899362188564,"max":400.92395730418303},"23":{"dtype":"number","min":268.0373300771732,"max":311.98588588781524},"24":{"dtype":"number","min":314.7697552835267,"max":355.8804226107532},"25":{"dtype":"number","min":270.63421773631666,"max":314.3235344542862},"26":{"dtype":"number","min":346.30848786054764,"max":421.0823081390202},"27":{"dtype":"number","min":355.6984917415745,"max":383.8756387275562},"28":{"dtype":"number","min":257.49397143983003,"max":339.7630639104118},"29":{"dtype":"number","min":351.4730341206749,"max":378.17665419848106},"30":{"dtype":"number","min":340.2788970530846,"max":461.21174490707426},"31":{"dtype":"number","min":422.6767699481451,"max":467.4099642212627},"32":{"dtype":"number","min":272.11127208687407,"max":342.41078754149913},"33":{"dtype":"number","min":423.6702125950863,"max":460.4961212336668}},"outputs":{"0":{"dtype":"number","min":0.2,"max":1}},"isNormalized":true}