{"inputUnits":[34],"outputUnits":1,"inputs":{"0":{"dtype":"number","min":236.9253120645445,"max":321.1143404419659},"1":{"dtype":"number","min":28.209614000822356,"max":130.0256740280062},"2":{"dtype":"number","min":244.49212533456307,"max":336.7086548089516},"3":{"dtype":"number","min":15.473352324428149,"max":120.28571517379194},"4":{"dtype":"number","min":228.16271746600114,"max":311.7623645566825},"5":{"dtype":"number","min":15.6251710293121,"max":123.68539761846293},"6":{"dtype":"number","min":256.35472556071437,"max":364.8154055351867},"7":{"dtype":"number","min":24.088330780088782,"max":128.91502930639314},"8":{"dtype":"number","min":218.8773747494346,"max":303.60205518339575},"9":{"dtype":"number","min":23.60525982654117,"max":132.58238199393884},"10":{"dtype":"number","min":274.8624177750556,"max":401.4197192275733},"11":{"dtype":"number","min":80.00570494296721,"max":177.47246993215458},"12":{"dtype":"number","min":205.5719648513645,"max":300.71028755886977},"13":{"dtype":"number","min":102.69056056210403,"max":187.21908480103252},"14":{"dtype":"number","min":287.16264691269186,"max":472.9074019344694},"15":{"dtype":"number","min":96.3053986250076,"max":251.46741484108492},"16":{"dtype":"number","min":187.81211808411,"max":260.54913660239055},"17":{"dtype":"number","min":104.6808848836501,"max":252.23058451453613},"18":{"dtype":"number","min":279.1349186813622,"max":568.2232029489141},"19":{"dtype":"number","min":84.96248657940424,"max":322.50713712755464},"20":{"dtype":"number","min":133.2252243666621,"max":226.16394816318683},"21":{"dtype":"number","min":95.44497305886787,"max":315.0784783614309},"22":{"dtype":"number","min":256.84659812882626,"max":378.0263217383193},"23":{"dtype":"number","min":254.72140068663953,"max":314.7797371490657},"24":{"dtype":"number","min":213.18778828105962,"max":315.72869194878473},"25":{"dtype":"number","min":254.09445065503928,"max":315.300167448107},"26":{"dtype":"number","min":265.94530012640104,"max":416.65667349832097},"27":{"dtype":"number","min":363.62643117328366,"max":425.6240880419636},"28":{"dtype":"number","min":199.6287063873767,"max":270.6228988677205},"29":{"dtype":"number","min":350.11486507066274,"max":419.269309666654},"30":{"dtype":"number","min":264.3340966297172,"max":464.4744962279559},"31":{"dtype":"number","min":441.46907174331636,"max":521.1071624160975},"32":{"dtype":"number","min":205.7475884569551,"max":278.6695482577497},"33":{"dtype":"number","min":405.0465675636574,"max":518.3740905850951}},"outputs":{"0":{"dtype":"number","min":0.2,"max":1}},"isNormalized":true}