{"inputUnits":[34],"outputUnits":1,"inputs":{"0":{"dtype":"number","min":305.20744338602583,"max":407.11198475858157},"1":{"dtype":"number","min":124.96696189597799,"max":163.49975496704815},"2":{"dtype":"number","min":309.78724905389555,"max":416.32958990323846},"3":{"dtype":"number","min":119.35390834919889,"max":155.942091616506},"4":{"dtype":"number","min":297.69752770139456,"max":402.27380674484874},"5":{"dtype":"number","min":116.82778222751429,"max":155.38947062650385},"6":{"dtype":"number","min":322.5345018174913,"max":424.5268062123081},"7":{"dtype":"number","min":125.47519259982639,"max":159.89492762158488},"8":{"dtype":"number","min":291.31278411686765,"max":390.0688483701115},"9":{"dtype":"number","min":122.34155993247822,"max":162.11346066718443},"10":{"dtype":"number","min":338.3567755031771,"max":430.0008976808068},"11":{"dtype":"number","min":147.7123940153661,"max":199.25903669807178},"12":{"dtype":"number","min":286.7802212066353,"max":369.7183495237116},"13":{"dtype":"number","min":146.56767311616713,"max":203.47084952609117},"14":{"dtype":"number","min":366.97580794841923,"max":459.9572829010426},"15":{"dtype":"number","min":100.14096265647842,"max":246.17115637944687},"16":{"dtype":"number","min":266.62712112040083,"max":324.7559938189114},"17":{"dtype":"number","min":93.87286150896989,"max":258.80024510285074},"18":{"dtype":"number","min":364.33760139212507,"max":498.2352889211554},"19":{"dtype":"number","min":26.467455293235247,"max":292.262811196013},"20":{"dtype":"number","min":237.70743550380536,"max":319.26868946231593},"21":{"dtype":"number","min":28.97986339546783,"max":308.8303718789976},"22":{"dtype":"number","min":343.98308915701523,"max":396.3665747688992},"23":{"dtype":"number","min":258.52291055125335,"max":299.7098827547962},"24":{"dtype":"number","min":304.72741318492626,"max":354.1146695915951},"25":{"dtype":"number","min":260.93860960843267,"max":304.8521676165783},"26":{"dtype":"number","min":329.3839161298428,"max":406.4642345882066},"27":{"dtype":"number","min":344.919219435307,"max":380.90233622471027},"28":{"dtype":"number","min":305.3938540334125,"max":349.9572402924357},"29":{"dtype":"number","min":332.0690507498401,"max":379.8711439136408},"30":{"dtype":"number","min":331.83829562241107,"max":413.3337842558327},"31":{"dtype":"number","min":422.746144196211,"max":452.6795242636756},"32":{"dtype":"number","min":315.1168790523536,"max":350.90902109127524},"33":{"dtype":"number","min":408.29083834939996,"max":454.54484251739916}},"outputs":{"0":{"dtype":"number","min":0.2,"max":1}},"isNormalized":true}