{"inputUnits":[34],"outputUnits":3,"inputs":{"0":{"dtype":"number","min":315.7779046666552,"max":400.4321708456117},"1":{"dtype":"number","min":96.23233817474187,"max":170.04945037425375},"2":{"dtype":"number","min":322.5318548786245,"max":407.2296249657346},"3":{"dtype":"number","min":91.29308035034416,"max":161.92130046048823},"4":{"dtype":"number","min":309.02705439814815,"max":391.6900152909128},"5":{"dtype":"number","min":90.75801499870553,"max":162.94401291518182},"6":{"dtype":"number","min":331.1050260369076,"max":416.5452947486446},"7":{"dtype":"number","min":92.65107747871741,"max":164.21588652315194},"8":{"dtype":"number","min":301.2287191944977,"max":380.8676662036085},"9":{"dtype":"number","min":95.5452694065622,"max":167.65726427818134},"10":{"dtype":"number","min":343.27688027543627,"max":436.5401552434553},"11":{"dtype":"number","min":119.81244853133114,"max":197.12337203890257},"12":{"dtype":"number","min":291.57990632233793,"max":364.8656387775265},"13":{"dtype":"number","min":120.7188714456837,"max":193.7863968222694},"14":{"dtype":"number","min":345.322587457549,"max":500.95364472089915},"15":{"dtype":"number","min":81.80500231291117,"max":234.08517402515076},"16":{"dtype":"number","min":278.6438780964931,"max":337.28343658744706},"17":{"dtype":"number","min":78.88108876248782,"max":235.4531390392757},"18":{"dtype":"number","min":347.52851400691395,"max":569.4328870271381},"19":{"dtype":"number","min":21.642649987055307,"max":245.53451389364795},"20":{"dtype":"number","min":231.72792490462808,"max":371.87274300796474},"21":{"dtype":"number","min":25.770573011848185,"max":238.40022081520124},"22":{"dtype":"number","min":337.97620777033455,"max":435.0997011656882},"23":{"dtype":"number","min":231.50800024556833,"max":300.2800407186586},"24":{"dtype":"number","min":292.1407254165144,"max":387.11591397112574},"25":{"dtype":"number","min":233.3855112533123,"max":297.95955219231615},"26":{"dtype":"number","min":335.4644947907148,"max":470.43268571820175},"27":{"dtype":"number","min":326.0418879637244,"max":377.3657521030359},"28":{"dtype":"number","min":259.1718407495212,"max":392.4607709323221},"29":{"dtype":"number","min":259.73078142132675,"max":375.6287251671387},"30":{"dtype":"number","min":329.09595154879383,"max":520.3448093704312},"31":{"dtype":"number","min":403.12599762141355,"max":466.18963111446146},"32":{"dtype":"number","min":301.2568988762868,"max":384.2346616748713},"33":{"dtype":"number","min":302.4727168092486,"max":463.0528788724605}},"outputs":{"0":{"dtype":"string","min":0,"max":1,"uniqueValues":["tree","warrior","stretch"],"legend":{"tree":[1,0,0],"warrior":[0,1,0],"stretch":[0,0,1]}}},"isNormalized":true}