{"inputUnits":[34],"outputUnits":1,"inputs":{"0":{"dtype":"number","min":249.6535963389376,"max":352.98143829286215},"1":{"dtype":"number","min":62.38965426736871,"max":122.97017504597267},"2":{"dtype":"number","min":260.1412296109264,"max":360.9050615396183},"3":{"dtype":"number","min":52.33889812149732,"max":112.07384968361657},"4":{"dtype":"number","min":239.8442444606134,"max":342.7676329138683},"5":{"dtype":"number","min":50.20702220775462,"max":114.13972672430859},"6":{"dtype":"number","min":273.83370739674706,"max":373.8082493118375},"7":{"dtype":"number","min":66.8238619382386,"max":118.7054082710608},"8":{"dtype":"number","min":227.42111949660392,"max":332.3293674759},"9":{"dtype":"number","min":59.25430026435478,"max":125.60768945407679},"10":{"dtype":"number","min":292.10649040474993,"max":393.100823296441},"11":{"dtype":"number","min":133.4630491022478,"max":177.46367441515707},"12":{"dtype":"number","min":202.67847310265137,"max":314.24624615942525},"13":{"dtype":"number","min":121.527826558312,"max":178.60431738067092},"14":{"dtype":"number","min":308.58817652652135,"max":414.7900857609382},"15":{"dtype":"number","min":202.1024912932695,"max":256.3886652122929},"16":{"dtype":"number","min":187.93843706216495,"max":290.97925256799766},"17":{"dtype":"number","min":192.10398951004356,"max":257.6731539423238},"18":{"dtype":"number","min":307.7651769329465,"max":422.8225615800705},"19":{"dtype":"number","min":190.00578108819138,"max":323.6002740990116},"20":{"dtype":"number","min":128.0642575269554,"max":331.3629923740558},"21":{"dtype":"number","min":186.08917533770403,"max":326.1033520317449},"22":{"dtype":"number","min":275.06373979891947,"max":373.6187702498705},"23":{"dtype":"number","min":276.2808516058076,"max":329.2454270033808},"24":{"dtype":"number","min":214.62795086539046,"max":321.76092300266316},"25":{"dtype":"number","min":271.905704371878,"max":322.30913158513414},"26":{"dtype":"number","min":269.5131845455653,"max":368.31849691231116},"27":{"dtype":"number","min":363.6077660752086,"max":444.21738236038766},"28":{"dtype":"number","min":156.74531992415936,"max":258.36336310611597},"29":{"dtype":"number","min":347.39833958200074,"max":434.8329219111689},"30":{"dtype":"number","min":263.0717801397074,"max":360.806827805428},"31":{"dtype":"number","min":391.89229091473254,"max":541.8201445045992},"32":{"dtype":"number","min":205.0675592552616,"max":332.88561964127985},"33":{"dtype":"number","min":393.0487007007264,"max":543.9000096609253}},"outputs":{"0":{"dtype":"number","min":0.2,"max":1}},"isNormalized":true}