{"inputUnits":[34],"outputUnits":1,"inputs":{"0":{"dtype":"number","min":320.26784870824383,"max":389.65184142947425},"1":{"dtype":"number","min":98.05354663038347,"max":145.11907804314387},"2":{"dtype":"number","min":327.3399831909417,"max":396.2046674166971},"3":{"dtype":"number","min":90.72367290771959,"max":138.3771184731645},"4":{"dtype":"number","min":313.9534844292535,"max":383.3216349283854},"5":{"dtype":"number","min":90.24603473745125,"max":138.00778915078087},"6":{"dtype":"number","min":339.40106230172495,"max":405.683952465392},"7":{"dtype":"number","min":99.43545902914005,"max":144.42516512805722},"8":{"dtype":"number","min":305.39149472123233,"max":373.4966814959491},"9":{"dtype":"number","min":97.3614597134655,"max":144.25913671303908},"10":{"dtype":"number","min":357.65681127358596,"max":421.8117881611309},"11":{"dtype":"number","min":153.68004871390715,"max":189.28664477015565},"12":{"dtype":"number","min":292.66511080557837,"max":357.9857211642795},"13":{"dtype":"number","min":147.56774247970728,"max":183.5093433164481},"14":{"dtype":"number","min":372.52352649473073,"max":448.3657408597176},"15":{"dtype":"number","min":198.95914516486152,"max":247.11521795618603},"16":{"dtype":"number","min":275.04460920367325,"max":341.3804180301421},"17":{"dtype":"number","min":208.55869940149853,"max":248.7243301361857},"18":{"dtype":"number","min":366.28022489491957,"max":428.04196601257917},"19":{"dtype":"number","min":192.06766645346005,"max":295.34594649227506},"20":{"dtype":"number","min":249.81534902115314,"max":371.1932271916499},"21":{"dtype":"number","min":193.23863960846126,"max":293.52803310223254},"22":{"dtype":"number","min":339.21391706485264,"max":403.0616308141638},"23":{"dtype":"number","min":268.50684390895316,"max":297.42911162199795},"24":{"dtype":"number","min":294.92755198339273,"max":358.0883725112409},"25":{"dtype":"number","min":255.13318067405652,"max":294.0684988159417},"26":{"dtype":"number","min":338.17885125589646,"max":392.7642679493329},"27":{"dtype":"number","min":350.66872223078855,"max":387.55358422708787},"28":{"dtype":"number","min":250.49283866064357,"max":335.1412788376241},"29":{"dtype":"number","min":298.55382752000236,"max":382.9555762813337},"30":{"dtype":"number","min":336.8885223210206,"max":377.1203886928149},"31":{"dtype":"number","min":422.1513982404742,"max":470.46816820289655},"32":{"dtype":"number","min":255.27816593995567,"max":364.47669373153474},"33":{"dtype":"number","min":329.6562019333272,"max":449.5234522531372}},"outputs":{"0":{"dtype":"number","min":0.2,"max":1}},"isNormalized":true}